,apple_pie,baby_back_ribs,baklava,beef_carpaccio,beef_tartare,beet_salad,beignets,bibimbap,bread_pudding,breakfast_burrito,bruschetta,caesar_salad,cannoli,caprese_salad,carrot_cake,ceviche,cheesecake,cheese_plate,chicken_curry,chicken_quesadilla,chicken_wings,chocolate_cake,chocolate_mousse,churros,clam_chowder,club_sandwich,crab_cakes,creme_brulee,croque_madame,cup_cakes,deviled_eggs,donuts,dumplings,edamame,eggs_benedict,escargots,falafel,filet_mignon,fish_and_chips,foie_gras,french_fries,french_onion_soup,french_toast,fried_calamari,fried_rice,frozen_yogurt,garlic_bread,gnocchi,greek_salad,grilled_cheese_sandwich,grilled_salmon,guacamole,gyoza,hamburger,hot_and_sour_soup,hot_dog,huevos_rancheros,hummus,ice_cream,lasagna,lobster_bisque,lobster_roll_sandwich,macaroni_and_cheese,macarons,miso_soup,mussels,nachos,omelette,onion_rings,oysters,pad_thai,paella,pancakes,panna_cotta,peking_duck,pho,pizza,pork_chop,poutine,prime_rib,pulled_pork_sandwich,ramen,ravioli,red_velvet_cake,risotto,samosa,sashimi,scallops,seaweed_salad,shrimp_and_grits,spaghetti_bolognese,spaghetti_carbonara,spring_rolls,steak,strawberry_shortcake,sushi,tacos,takoyaki,tiramisu,tuna_tartare,waffles
apple_pie,80,0,7,0,0,0,2,0,19,1,0,0,3,0,3,0,2,0,0,0,0,0,1,0,0,0,0,0,0,0,0,0,0,0,0,0,0,0,1,0,0,0,4,0,0,1,0,0,0,2,0,0,0,0,0,0,1,0,1,1,0,0,1,0,0,0,0,1,1,0,0,0,2,0,0,0,2,0,1,0,0,0,0,0,0,2,0,0,0,0,0,0,0,0,1,0,0,0,2,0,3
baby_back_ribs,0,113,0,0,0,0,0,0,0,1,0,0,0,0,0,0,0,0,0,0,0,0,0,0,0,0,0,0,0,0,0,0,0,0,0,0,0,2,1,2,0,0,0,1,0,0,0,0,0,0,2,0,0,0,0,0,1,0,0,0,0,0,0,0,0,0,0,0,0,0,0,0,0,0,0,0,0,10,0,7,0,0,0,0,0,0,0,0,0,0,0,0,0,11,0,0,0,0,0,1,0
baklava,4,0,133,0,0,0,0,0,2,0,0,0,4,0,0,0,0,0,0,0,0,0,0,0,0,0,0,0,0,0,0,1,0,0,0,0,0,0,0,1,0,0,1,0,0,0,0,0,0,0,1,0,0,0,0,0,0,0,0,0,0,0,0,0,0,0,0,0,0,0,0,0,0,0,0,0,0,0,0,0,0,0,1,0,0,3,0,0,0,0,0,0,0,0,1,0,0,0,0,2,0
beef_carpaccio,0,0,0,125,0,6,0,1,0,0,1,1,0,3,0,1,0,0,0,0,0,0,0,0,0,1,0,0,0,0,0,0,0,0,0,0,0,1,0,0,0,0,0,0,0,0,0,1,0,0,0,0,0,0,0,0,0,0,0,0,0,0,0,0,0,0,0,0,0,0,0,0,0,0,0,0,0,0,0,1,0,0,1,0,1,0,1,0,0,0,0,0,0,0,0,0,0,0,0,4,0
beef_tartare,0,0,0,6,125,2,0,0,0,0,3,0,0,1,1,0,0,0,0,0,0,1,0,0,0,0,3,0,0,1,0,0,0,0,0,0,0,1,0,1,0,0,0,0,0,0,0,0,0,1,0,0,1,1,0,0,1,0,0,0,0,0,0,0,0,0,0,0,0,0,0,0,0,0,0,0,0,2,0,0,1,0,0,0,0,0,0,1,0,0,0,0,0,0,0,0,0,0,0,15,0
beet_salad,0,0,0,6,2,110,0,0,0,0,0,1,0,3,0,4,0,1,0,0,0,0,0,0,0,0,0,0,1,0,1,0,0,0,0,0,0,0,0,4,0,0,0,0,0,0,0,0,4,0,0,0,0,0,0,0,0,0,0,1,0,0,0,0,0,0,0,0,0,0,0,0,0,2,0,0,0,1,0,0,0,0,1,0,0,0,1,3,1,0,0,0,0,0,0,0,1,0,0,3,0
beignets,1,0,0,0,0,0,137,0,1,0,0,0,0,0,0,0,0,0,0,0,0,1,0,2,0,0,0,0,0,0,0,2,0,0,0,0,0,0,0,0,0,0,1,0,0,0,0,0,0,0,0,0,0,0,0,0,0,0,0,0,0,0,0,0,0,0,0,0,0,0,0,0,1,0,1,0,0,0,0,0,0,0,0,0,0,1,0,0,0,0,0,0,0,0,0,0,0,1,1,0,0
bibimbap,0,0,0,0,0,0,0,134,0,0,0,0,0,0,0,4,0,0,1,0,0,0,0,0,0,0,0,0,3,0,0,0,0,0,0,0,0,0,0,0,0,0,0,0,3,0,0,0,0,0,0,0,0,0,0,0,2,0,0,0,0,0,0,0,0,0,0,0,0,0,2,1,0,0,0,0,0,0,0,0,0,1,0,0,1,0,0,0,1,0,0,0,0,1,0,0,1,0,0,0,0
bread_pudding,11,0,3,0,0,0,0,0,94,0,0,0,1,0,2,0,5,0,0,1,0,2,3,0,0,0,0,3,0,0,0,0,0,0,0,0,0,0,0,4,0,1,5,0,0,0,2,0,0,0,0,0,1,0,0,0,0,1,0,1,0,0,1,1,0,0,0,0,0,0,0,0,0,2,1,0,2,2,0,1,0,0,2,0,0,1,0,1,0,1,0,0,0,2,4,0,0,0,4,0,2
breakfast_burrito,0,0,0,0,0,0,0,0,0,99,0,0,1,0,0,2,0,1,1,8,0,0,0,1,0,0,0,0,1,0,0,0,0,0,1,0,3,0,0,0,0,0,0,0,0,0,0,0,0,1,0,0,0,0,0,2,9,0,0,0,0,0,3,0,0,0,2,2,0,0,0,0,2,0,0,0,0,0,0,0,3,0,0,0,0,1,0,1,0,0,0,0,0,0,0,0,5,0,0,1,0
bruschetta,0,0,0,0,3,4,1,0,0,2,107,1,0,7,0,0,0,2,0,0,0,0,0,0,0,1,1,0,0,0,0,0,0,0,2,0,0,0,0,2,0,0,0,0,0,0,3,0,2,1,1,0,0,1,0,0,1,1,0,0,0,2,0,0,0,0,0,1,0,0,0,1,0,0,0,0,1,1,0,0,0,0,0,0,0,0,0,0,0,1,0,0,1,0,2,0,1,2,0,3,0
caesar_salad,0,0,0,1,0,2,0,1,0,1,0,133,0,1,0,2,0,0,0,1,0,0,0,0,0,0,0,0,0,0,0,0,0,0,0,0,0,0,0,1,0,0,0,0,0,0,0,0,2,0,0,0,0,0,0,0,0,0,0,0,0,0,0,0,0,0,0,1,0,0,0,0,0,0,0,0,0,0,0,0,0,0,0,0,0,0,1,0,1,0,0,0,2,0,0,0,0,0,1,0,0
cannoli,3,0,5,0,0,0,3,0,3,1,1,0,107,0,0,0,0,0,0,0,0,0,6,3,0,0,0,0,0,0,0,0,0,0,0,0,0,0,0,1,0,0,1,0,0,0,0,0,0,0,0,0,0,0,0,0,0,1,0,0,0,0,0,0,0,0,0,0,0,0,0,0,1,3,0,0,0,0,0,0,0,0,1,1,0,2,0,1,0,0,0,0,1,0,2,0,0,1,0,0,0
caprese_salad,0,0,0,1,0,4,0,0,0,0,5,1,0,126,0,4,0,1,0,0,0,0,0,0,0,0,1,0,0,0,0,0,0,0,1,0,0,0,0,2,0,0,0,0,0,0,0,1,3,0,0,0,0,0,0,0,0,0,0,0,0,0,0,0,0,0,0,1,0,0,0,0,0,0,0,0,0,0,0,0,0,0,1,0,1,0,0,1,0,0,0,0,0,0,0,0,0,0,0,1,0
carrot_cake,3,0,2,0,0,0,0,0,2,0,0,0,0,0,113,0,2,0,0,0,0,1,1,0,0,0,0,0,0,1,0,0,0,0,0,0,0,0,0,1,0,0,2,0,0,1,1,0,0,0,0,0,0,0,0,1,0,0,1,0,0,0,0,1,0,0,0,0,0,0,0,0,0,0,0,0,0,0,0,0,0,0,0,5,0,0,0,0,0,0,0,0,0,0,3,0,0,0,3,0,0
ceviche,0,0,0,0,2,2,0,0,0,0,2,2,0,2,0,95,0,0,2,3,0,0,1,0,0,0,1,0,0,0,0,0,0,0,0,1,1,0,0,1,0,0,0,1,1,0,0,2,6,0,1,4,0,0,0,0,2,1,0,0,0,1,1,0,0,0,0,0,0,0,1,0,0,2,0,0,0,0,0,0,0,1,3,0,0,0,1,0,0,2,0,0,0,1,0,1,6,0,0,7,0
cheesecake,2,0,0,0,0,0,0,0,1,0,0,0,0,0,4,0,111,0,0,0,0,0,5,0,0,1,0,1,0,0,0,0,0,0,0,0,0,0,0,3,0,0,1,0,0,0,1,0,0,0,0,0,0,0,0,0,0,1,1,0,0,0,0,0,0,0,0,0,0,0,0,0,0,4,0,0,0,0,0,0,0,0,0,3,1,0,0,0,0,0,0,0,0,0,3,2,0,0,3,0,0
cheese_plate,0,0,0,0,0,0,0,0,0,1,1,0,0,1,1,0,0,119,0,0,0,0,0,0,0,0,1,0,0,1,0,0,1,0,1,0,0,0,0,4,0,0,2,0,0,0,1,0,1,1,0,0,0,1,0,0,0,1,1,0,0,0,0,1,0,0,1,0,0,0,0,0,0,1,0,0,0,0,0,0,0,0,0,0,0,0,0,2,0,0,0,0,0,0,0,0,0,0,0,0,0
chicken_curry,0,2,0,0,0,0,1,0,0,0,0,0,0,0,0,3,0,0,89,0,0,0,0,0,0,0,1,1,0,0,0,0,0,0,0,0,0,0,0,0,0,1,0,0,1,0,0,1,0,0,1,0,0,0,1,0,1,0,0,1,10,0,0,0,1,0,0,0,0,1,0,1,0,0,0,1,0,3,1,0,0,1,9,0,2,2,0,0,0,2,0,0,1,0,0,1,0,0,0,1,0
chicken_quesadilla,0,0,0,0,0,0,0,0,0,5,1,0,0,0,0,1,0,0,0,133,1,0,0,0,0,0,0,0,0,0,0,0,0,0,0,0,1,0,0,0,0,0,0,0,0,0,0,0,1,2,0,0,0,0,0,0,3,4,0,0,1,0,0,0,0,0,4,2,0,0,0,0,0,0,1,0,0,0,0,0,0,0,0,0,0,0,0,0,0,0,0,0,0,0,0,0,3,0,0,3,0
chicken_wings,0,1,2,0,0,0,0,0,1,0,0,0,0,0,0,1,0,0,0,0,115,0,0,1,0,0,0,0,0,0,0,0,1,0,0,0,0,0,5,0,1,0,0,3,0,0,0,0,0,1,0,0,1,0,1,0,0,0,0,1,0,0,0,0,0,0,1,0,4,0,1,1,0,0,1,0,0,5,0,0,0,0,0,0,0,1,0,3,0,0,0,0,0,0,0,0,0,0,0,0,0
chocolate_cake,0,0,0,0,0,0,0,0,2,0,0,0,0,0,6,0,5,0,0,0,0,105,9,0,0,0,0,0,0,4,0,0,0,0,0,0,0,0,0,1,0,0,0,0,0,0,0,0,0,0,0,0,0,1,0,0,0,0,1,0,0,0,0,0,0,0,0,0,0,0,0,0,1,1,0,0,0,0,0,0,0,0,0,5,0,0,0,0,0,0,0,0,0,1,1,0,0,0,3,1,2
chocolate_mousse,0,0,1,0,0,0,0,0,7,0,0,0,0,0,2,1,4,0,1,0,0,3,105,1,0,0,0,2,0,0,0,0,0,0,0,0,0,0,0,0,0,0,0,0,0,2,0,0,0,0,0,2,0,0,0,0,0,1,1,0,0,0,0,0,0,0,0,0,0,0,0,0,0,12,0,0,0,0,0,0,0,0,0,1,0,0,1,0,0,0,0,0,0,0,3,0,1,0,4,1,0
churros,2,0,0,0,0,0,3,0,0,0,0,0,3,0,0,0,0,0,0,0,1,0,2,117,0,0,0,0,0,0,0,1,1,0,0,0,0,0,1,0,4,0,6,0,0,1,0,0,0,1,0,0,0,2,0,0,0,0,2,0,0,0,0,0,0,0,1,0,4,1,0,0,2,0,0,0,0,0,0,0,0,0,0,0,0,0,0,0,0,0,0,0,0,0,0,0,0,0,0,0,1
clam_chowder,1,0,0,0,0,0,0,0,0,0,0,0,0,0,0,0,0,0,0,0,0,0,0,0,129,0,0,1,1,0,0,0,0,0,0,2,0,0,0,0,0,2,0,0,0,0,1,1,0,0,0,0,0,0,0,0,0,1,0,0,11,0,0,0,1,0,0,0,0,0,0,0,0,0,0,0,0,0,0,0,0,0,3,0,1,0,0,0,0,2,0,0,0,0,0,0,0,0,0,0,0
club_sandwich,0,0,0,0,0,0,0,0,0,0,0,0,0,0,0,0,0,0,0,0,0,0,0,0,0,122,0,0,1,0,0,0,0,0,0,0,1,0,0,0,0,0,0,0,0,0,0,0,0,9,0,0,0,1,0,1,1,0,0,0,0,2,0,0,0,0,0,1,0,0,0,0,0,0,0,0,0,0,0,0,3,0,0,0,0,0,0,0,0,0,0,0,1,0,0,0,1,0,0,0,0
crab_cakes,0,0,0,0,0,0,0,1,0,0,0,1,0,0,2,3,0,1,0,0,1,0,0,0,0,0,105,0,1,0,0,1,0,0,2,0,2,2,2,3,1,0,0,1,0,0,0,0,0,1,7,0,0,1,0,0,0,0,0,2,0,0,0,0,0,0,1,1,0,0,0,0,0,0,0,0,0,1,0,0,0,0,2,0,0,1,0,6,0,1,1,0,0,0,0,0,0,2,0,3,0
creme_brulee,0,0,1,0,0,0,0,0,5,0,0,0,0,0,0,0,3,0,1,0,0,0,1,0,0,0,0,114,0,0,0,0,0,0,0,1,0,0,0,0,0,1,0,0,0,0,0,0,0,0,0,0,0,0,0,0,0,1,0,0,1,0,0,0,1,0,0,0,0,1,0,0,3,4,0,0,0,0,0,0,0,0,1,0,0,0,0,0,0,1,0,0,0,0,0,0,0,0,0,0,0
croque_madame,0,0,0,0,0,0,0,0,0,0,0,0,0,0,1,0,0,0,0,0,0,0,0,0,0,0,0,0,127,0,0,0,0,0,3,0,0,0,0,2,0,0,2,0,0,0,0,0,0,6,1,0,0,1,0,0,2,0,0,1,0,0,0,0,0,0,0,2,0,0,0,0,0,0,0,0,0,0,1,0,0,0,0,0,0,0,0,0,0,0,0,0,0,0,0,0,0,0,0,0,0
cup_cakes,0,0,0,0,0,0,0,0,0,0,0,0,0,0,0,0,0,1,0,0,0,1,2,1,0,0,0,0,0,128,2,8,0,0,0,0,0,0,0,0,0,0,0,0,0,1,0,0,0,0,0,0,0,0,0,1,0,0,4,0,0,0,0,0,0,0,0,0,0,1,0,0,2,0,0,0,0,0,0,0,0,0,0,1,0,0,0,0,0,0,0,0,0,0,0,2,0,0,0,0,0
deviled_eggs,0,0,0,0,0,0,0,0,0,0,0,0,0,0,0,1,0,0,0,0,0,0,0,0,0,0,0,0,0,4,114,0,0,0,1,0,0,0,0,0,0,0,0,0,0,0,0,0,0,0,0,0,0,0,0,0,0,3,0,0,0,0,0,0,0,0,1,2,0,0,0,0,0,0,0,0,1,0,0,0,0,0,0,0,0,0,0,3,0,0,0,0,0,0,0,3,0,0,0,1,0
donuts,2,0,0,0,0,0,9,0,0,0,0,0,3,0,0,0,1,0,0,0,0,1,1,1,0,0,0,0,0,5,0,115,0,0,0,1,0,0,0,0,0,0,1,0,0,0,0,0,0,1,0,0,0,0,0,0,0,0,2,0,0,0,0,2,0,0,0,0,0,0,0,0,0,0,0,0,0,0,0,0,0,0,0,0,0,0,0,0,0,0,0,0,0,1,0,0,0,0,0,0,1
dumplings,0,0,0,0,0,0,0,0,1,1,0,0,0,0,0,2,0,0,0,0,0,0,0,0,0,0,0,0,0,0,0,0,123,0,0,0,0,0,0,0,0,0,0,0,0,0,0,1,0,0,0,0,0,0,0,0,0,0,0,0,0,0,0,0,0,0,0,0,0,0,0,0,0,0,0,0,0,0,0,0,0,0,2,0,0,2,0,0,0,0,0,0,0,0,0,2,0,1,0,0,0
edamame,0,0,0,0,0,0,0,0,0,0,0,0,0,0,0,0,0,0,0,0,0,0,0,0,0,0,0,0,0,0,0,0,0,132,0,0,0,0,1,0,0,0,0,0,0,0,0,0,0,0,0,0,0,0,0,0,0,0,0,0,0,0,0,0,0,0,0,0,0,0,0,0,0,0,1,0,0,0,0,0,0,0,0,0,0,0,1,0,2,0,0,0,0,0,0,0,0,0,0,0,0
eggs_benedict,0,0,0,0,0,0,0,0,1,1,2,0,1,0,0,1,0,0,0,0,0,0,0,0,0,0,2,0,6,0,2,0,0,0,113,0,0,0,0,0,0,0,1,0,1,0,0,0,0,0,0,0,0,0,0,0,1,0,0,0,0,0,0,0,0,0,0,1,0,0,0,0,0,0,0,0,0,0,0,0,0,0,1,0,0,0,1,3,0,0,0,0,0,0,0,0,0,0,0,0,0
escargots,0,0,0,1,0,0,1,0,0,0,0,0,0,0,0,0,0,0,0,0,0,0,0,0,3,0,0,0,0,0,0,0,0,0,0,120,0,0,0,0,0,5,0,0,0,0,0,0,0,0,0,0,0,0,0,0,1,0,0,2,0,0,0,0,1,0,0,0,0,0,0,0,0,0,0,0,0,0,0,0,0,0,2,0,0,0,0,2,0,0,0,0,0,1,0,0,0,1,0,0,0
falafel,0,0,0,0,3,0,0,0,2,4,1,0,0,0,1,2,0,0,0,0,0,1,0,0,0,0,20,0,0,0,0,0,0,0,0,0,91,0,0,0,0,0,1,0,0,0,0,0,0,1,0,1,0,1,0,1,0,2,0,0,0,3,0,0,0,0,0,0,0,0,2,0,0,0,1,0,0,1,0,0,3,0,0,0,0,0,0,0,0,0,0,0,1,0,0,0,0,8,0,1,0
filet_mignon,0,1,0,1,2,1,0,0,0,0,0,0,0,0,0,1,0,0,0,0,0,0,0,0,0,0,2,0,0,0,0,0,0,0,0,0,0,99,0,3,0,0,0,0,0,0,0,3,0,0,0,0,0,0,0,0,0,0,0,0,0,0,0,0,0,0,0,0,0,0,0,0,0,0,1,0,0,17,0,7,0,0,0,0,2,0,0,0,0,1,1,0,0,5,0,0,0,0,0,1,0
fish_and_chips,1,0,0,0,0,0,0,0,0,1,0,0,0,0,0,0,0,0,0,0,4,0,0,0,0,0,2,0,0,0,0,1,0,0,0,0,0,0,121,0,4,0,0,1,0,0,0,0,0,0,0,0,0,0,0,0,0,1,0,0,0,1,0,0,0,0,2,0,2,0,0,0,0,0,0,0,0,1,0,0,1,0,0,0,0,0,0,1,0,0,0,0,1,0,0,0,1,0,0,0,0
foie_gras,1,1,0,0,3,2,0,0,4,0,3,1,0,0,0,1,1,4,1,0,1,1,2,1,0,0,3,1,0,0,0,0,0,0,0,0,0,10,0,72,0,1,0,0,0,0,2,1,0,3,3,0,0,0,0,0,0,2,0,0,0,0,0,0,0,0,0,0,0,0,0,0,0,3,2,0,0,9,0,0,0,0,3,0,0,1,1,2,0,0,0,0,1,2,1,0,0,0,0,3,0
french_fries,0,0,0,0,0,0,0,0,0,0,0,0,0,0,0,0,0,0,0,0,0,0,0,0,0,0,0,0,0,0,0,0,0,0,1,0,0,0,4,0,127,0,0,1,0,0,0,0,0,1,0,0,0,1,0,0,1,1,1,0,0,1,0,0,0,0,1,0,1,0,0,0,0,0,0,0,0,0,0,0,0,0,0,0,0,1,0,0,0,0,0,0,0,0,0,1,0,0,0,0,0
french_onion_soup,0,0,0,0,0,0,0,0,4,0,0,0,0,0,1,0,0,0,1,0,0,0,0,0,2,0,0,0,0,0,0,0,0,0,0,1,0,0,0,1,0,100,1,0,0,0,1,1,0,0,0,0,0,1,3,0,0,0,0,2,2,0,5,0,2,0,0,0,0,0,0,0,0,0,0,0,0,1,0,0,0,0,2,0,0,1,0,0,0,0,0,0,0,0,0,0,0,0,0,0,0
french_toast,1,0,1,0,0,0,3,0,2,0,0,0,1,0,2,0,0,0,0,0,0,0,1,0,0,0,1,0,0,0,0,0,0,0,1,0,0,0,0,3,0,0,111,0,0,0,2,0,0,10,1,0,0,0,0,0,0,0,0,0,0,0,0,0,0,0,0,1,0,0,0,0,4,0,0,0,0,4,0,0,0,0,0,0,0,0,0,0,0,0,0,0,0,3,2,0,0,0,0,0,1
fried_calamari,1,0,0,0,0,0,0,0,0,1,0,1,0,0,0,4,0,0,0,0,2,0,0,1,0,0,0,0,0,0,0,0,0,0,0,0,0,0,0,0,0,0,0,112,1,1,0,0,1,0,0,1,0,0,0,0,1,0,0,0,0,0,0,0,0,0,1,0,4,1,0,1,0,0,0,0,0,0,1,0,0,0,0,0,0,0,0,0,1,2,0,0,0,0,0,1,2,1,0,0,0
fried_rice,1,0,0,0,0,0,0,0,0,0,0,0,0,0,0,0,0,0,0,0,0,0,0,0,0,0,1,0,1,0,0,0,0,0,0,0,0,0,0,0,0,0,0,0,114,0,0,0,0,0,1,0,0,0,0,0,0,0,0,0,0,0,1,0,0,0,0,2,0,0,2,3,0,0,0,0,0,0,0,0,0,0,0,0,8,0,0,0,0,0,0,0,0,0,0,0,1,0,0,0,0
frozen_yogurt,0,0,0,0,0,0,0,0,1,1,0,0,1,0,0,0,0,0,0,0,0,0,1,1,0,0,0,0,0,0,0,0,0,0,0,0,1,0,0,1,0,0,0,0,0,127,0,0,0,0,0,0,0,0,0,0,0,0,2,0,0,0,0,0,0,0,0,0,0,0,0,0,0,4,0,0,0,0,0,0,0,0,0,0,0,0,0,0,0,0,0,0,0,0,3,0,0,0,0,0,1
garlic_bread,1,0,2,0,1,0,1,0,1,0,6,0,0,0,0,0,0,0,2,1,0,0,0,0,0,0,1,0,0,0,0,0,0,0,0,2,1,0,0,1,0,0,0,0,0,0,113,0,0,3,2,0,1,0,0,0,0,2,0,2,0,0,2,0,0,0,0,0,0,0,0,0,0,0,0,0,0,0,0,0,2,0,1,0,0,3,0,0,0,0,0,0,0,0,0,0,0,0,0,0,0
gnocchi,0,0,0,0,0,1,0,0,1,0,0,0,0,3,0,1,0,1,0,0,0,0,0,0,0,0,2,0,0,0,0,0,0,0,0,0,0,0,0,0,0,0,0,0,0,0,0,83,0,0,0,0,0,0,0,0,1,0,0,1,1,0,1,0,0,0,0,1,0,0,0,0,0,0,0,1,0,2,0,1,0,0,17,0,5,0,0,3,0,3,1,2,0,0,0,0,0,0,0,1,0
greek_salad,0,1,0,0,0,5,0,0,0,0,1,6,0,4,0,3,0,1,0,0,0,0,0,0,0,1,0,0,0,0,0,0,0,0,0,0,1,0,0,0,0,0,0,0,0,0,0,0,112,0,0,0,0,0,0,0,0,2,0,0,0,0,0,0,0,0,0,0,0,0,0,0,0,0,0,0,0,0,0,0,0,0,0,0,0,0,0,0,0,0,0,0,0,0,0,0,1,0,0,0,0
grilled_cheese_sandwich,0,0,0,0,1,0,0,0,1,5,2,0,0,0,2,0,0,0,0,0,0,0,0,0,1,7,0,0,2,0,0,0,0,0,0,0,0,0,2,1,1,0,6,0,0,0,5,0,0,94,0,0,0,2,0,1,0,0,0,1,1,1,0,0,0,0,0,0,0,0,0,0,0,0,0,0,0,0,0,0,5,0,0,0,0,0,0,0,0,0,0,0,0,0,0,0,0,0,0,0,0
grilled_salmon,0,0,0,0,1,0,0,0,0,0,0,0,0,0,0,2,0,0,3,0,0,0,0,0,0,0,6,0,0,0,0,0,0,0,0,0,0,1,3,2,0,0,0,0,1,0,1,0,1,2,98,0,1,0,0,0,0,0,0,1,0,0,0,0,0,0,0,4,0,0,0,1,0,0,0,0,0,12,1,0,0,0,0,0,0,0,3,0,0,1,0,0,1,3,0,0,0,0,0,2,0
guacamole,0,0,0,0,0,0,0,0,0,0,0,0,0,0,0,5,0,0,0,1,0,0,0,1,1,0,0,0,0,0,0,0,0,0,0,1,2,0,0,0,0,0,0,0,0,0,0,1,2,0,0,117,0,0,0,0,0,5,0,0,0,0,0,0,0,0,4,0,0,0,0,1,0,0,0,1,0,0,0,0,0,0,1,0,3,0,0,0,0,0,0,0,1,0,0,1,5,0,0,4,0
gyoza,0,0,0,1,0,0,0,0,0,0,0,0,1,0,0,0,0,0,1,0,0,0,0,1,0,0,1,0,0,0,0,0,5,0,0,0,0,0,0,1,0,0,2,0,0,0,2,0,0,1,0,0,128,0,0,0,0,0,0,0,0,0,0,0,0,0,0,0,0,0,0,0,1,0,2,0,0,0,0,0,0,0,0,0,0,5,1,1,0,0,0,0,2,0,0,0,0,1,0,0,0
hamburger,0,0,0,0,2,0,0,0,0,1,3,0,0,0,0,0,0,0,0,0,0,0,0,1,0,1,1,0,1,0,0,0,0,0,0,0,0,1,0,0,2,0,1,0,0,0,0,0,0,7,0,0,0,111,0,7,0,0,0,0,0,2,0,1,0,1,0,0,0,0,0,0,0,0,0,0,0,0,0,0,15,0,0,0,0,0,0,0,0,0,0,0,0,3,0,0,0,0,0,0,0
hot_and_sour_soup,0,0,0,0,0,0,0,0,0,0,0,0,0,0,0,0,0,0,1,0,0,0,0,0,0,0,0,0,0,0,0,0,0,0,0,0,0,0,0,0,0,5,0,0,0,0,0,0,0,0,0,0,1,0,124,1,0,0,0,0,0,0,0,0,2,0,0,0,0,0,0,0,0,0,0,1,0,0,1,0,0,1,0,0,0,0,0,0,0,1,0,0,0,0,0,0,0,0,0,0,0
hot_dog,0,0,0,0,0,0,0,0,0,1,0,0,0,0,0,0,0,0,0,0,0,0,0,0,0,1,0,0,0,0,0,0,0,0,0,0,0,0,0,0,0,0,0,0,0,0,0,0,0,4,0,0,0,8,0,132,0,0,0,0,0,1,0,0,0,0,0,0,0,0,0,0,1,0,0,0,1,0,0,0,3,0,0,0,0,0,0,0,0,0,0,0,0,1,0,0,2,1,0,0,0
huevos_rancheros,0,0,1,0,0,0,0,0,1,8,2,1,0,0,0,2,0,0,1,5,0,0,0,0,0,0,0,0,2,0,0,0,0,0,4,0,1,1,0,0,0,0,0,0,0,0,0,0,1,0,0,1,0,0,0,0,96,0,0,4,1,0,0,0,0,0,2,8,0,0,0,0,1,0,0,0,0,2,0,0,1,0,0,0,1,0,0,0,0,1,0,0,0,0,0,0,2,1,0,2,0
hummus,0,0,0,0,0,1,0,0,0,0,3,1,0,2,0,1,1,0,3,3,0,0,0,0,2,0,1,1,0,0,1,0,0,0,0,2,0,0,0,0,0,0,0,0,0,0,0,0,5,0,0,2,0,0,0,0,0,112,0,2,2,0,0,0,0,0,1,3,0,0,0,0,1,0,0,0,0,0,0,0,0,0,5,0,2,3,0,0,0,0,0,0,0,0,0,1,2,0,1,0,0
ice_cream,2,0,0,0,0,0,0,0,1,0,0,0,0,0,0,1,1,0,0,0,0,2,3,1,0,0,1,0,0,1,0,1,0,0,0,0,0,0,0,2,0,1,1,0,0,0,0,0,0,0,0,0,0,0,0,0,0,4,130,0,1,0,0,0,1,0,1,0,0,1,0,0,2,3,0,0,0,0,0,0,0,0,0,0,0,0,0,1,0,0,0,0,0,0,1,5,0,0,0,0,0
lasagna,1,0,0,0,1,0,0,0,1,1,3,0,0,0,0,0,0,0,2,0,0,0,0,0,0,0,1,1,0,0,0,0,0,0,0,0,0,0,0,0,0,7,1,0,0,0,3,2,0,0,1,0,0,0,0,0,6,0,0,102,0,0,1,0,0,0,2,1,0,0,0,0,0,0,0,0,2,3,0,0,0,0,11,0,2,1,0,0,0,0,4,0,0,0,0,0,0,0,0,0,0
lobster_bisque,0,0,0,1,0,0,0,0,0,0,0,0,0,0,0,0,0,0,0,0,0,0,0,0,5,0,0,1,0,0,0,0,0,0,0,1,0,0,0,0,0,4,0,0,0,0,0,0,0,0,0,0,0,0,2,0,0,2,0,0,122,0,0,0,1,1,0,0,0,0,0,0,0,1,0,0,0,0,0,1,0,1,3,0,0,0,0,0,0,1,0,0,0,0,0,0,0,0,0,0,0
lobster_roll_sandwich,0,0,0,0,0,0,0,0,0,0,3,0,0,0,1,2,0,0,0,0,0,0,0,0,0,2,0,0,0,0,0,0,0,0,0,0,1,0,0,0,0,0,0,0,0,0,0,0,0,0,0,0,0,0,0,2,0,0,0,0,0,130,0,0,0,0,0,1,0,0,0,1,0,0,0,0,0,0,0,0,2,0,0,0,0,0,0,0,0,0,1,0,0,0,0,0,1,0,0,1,0
macaroni_and_cheese,0,0,0,0,0,0,0,0,0,0,0,0,0,0,0,0,0,0,0,0,0,0,0,0,0,0,1,1,0,0,0,0,0,0,0,2,0,0,0,0,0,5,0,1,0,0,1,2,0,0,0,0,1,0,0,0,1,0,0,2,0,0,105,0,0,0,2,0,0,0,0,0,0,0,0,0,1,3,1,0,0,0,8,0,1,0,0,0,0,3,0,2,0,0,0,0,0,0,0,0,0
macarons,0,0,0,0,0,0,0,0,0,0,0,0,0,0,0,0,0,0,0,0,0,0,0,0,0,0,0,0,0,1,1,3,0,0,0,0,0,0,0,1,0,0,0,0,0,0,0,0,0,0,0,0,0,0,0,0,0,0,2,0,0,0,0,132,1,0,0,0,0,0,0,0,0,0,0,0,0,0,0,0,0,0,0,0,0,1,0,0,0,0,0,0,0,0,0,1,0,0,0,0,0
miso_soup,0,0,0,0,0,0,0,0,0,0,0,0,0,0,0,0,0,0,1,0,0,0,0,0,2,0,0,0,0,0,0,0,0,0,0,1,0,0,0,0,0,0,0,0,0,0,0,1,0,0,0,0,0,0,2,0,0,0,0,0,0,0,0,0,142,0,0,0,0,0,0,0,0,0,0,4,0,0,0,0,0,5,1,0,0,0,0,0,1,0,0,0,0,0,0,0,0,0,0,0,0
mussels,0,0,0,0,0,0,0,1,0,0,0,0,0,0,0,0,0,0,0,0,1,0,0,0,0,0,0,0,0,0,0,0,0,0,0,2,0,0,0,0,1,0,0,0,0,0,0,0,0,0,0,0,0,0,0,0,0,2,0,2,0,0,0,0,0,139,0,0,0,4,0,0,0,0,0,1,1,0,0,0,0,1,2,0,0,0,0,0,0,0,0,0,0,0,0,3,0,0,0,0,0
nachos,0,0,0,0,0,0,0,0,0,2,2,0,0,0,0,3,0,0,1,2,2,0,0,0,0,0,1,0,0,0,0,0,0,0,0,0,1,0,0,0,0,0,1,1,1,0,0,0,0,0,0,1,0,0,0,1,4,1,0,0,0,0,0,0,0,0,90,0,0,0,0,0,0,0,0,0,1,0,0,0,1,0,2,0,0,0,0,0,0,0,0,0,0,0,0,2,16,0,0,1,0
omelette,1,0,0,1,0,0,0,0,0,2,2,0,0,0,0,1,0,1,1,1,0,0,0,0,0,0,0,0,0,0,1,0,0,0,2,0,0,0,0,0,0,0,3,0,1,0,1,0,0,6,1,0,0,0,0,0,6,0,0,1,0,0,0,0,0,0,1,114,0,0,0,1,0,0,0,0,1,1,0,0,0,0,1,0,0,3,0,0,0,0,0,0,0,1,0,0,0,0,0,0,1
onion_rings,1,0,0,0,0,0,0,0,0,0,0,0,0,0,0,0,0,0,0,0,1,0,0,1,0,0,0,0,0,0,0,2,0,0,0,0,0,0,0,0,2,0,0,1,0,0,0,1,0,0,0,0,0,0,0,0,0,0,0,1,0,0,0,0,0,0,0,0,140,0,0,0,0,0,0,0,0,0,0,0,0,0,1,0,0,1,0,0,0,0,0,0,0,0,0,0,0,0,0,0,0
oysters,1,0,0,0,0,0,0,0,0,0,0,0,0,0,0,0,0,0,0,0,0,0,0,0,0,0,0,0,0,0,0,2,0,0,0,0,0,0,0,0,0,0,0,0,0,0,0,0,0,0,0,0,0,0,0,0,0,1,1,1,0,0,0,0,0,1,0,0,0,126,0,1,0,0,0,0,0,0,0,0,0,0,1,0,0,0,1,2,0,0,0,0,0,2,0,1,0,0,0,0,0
pad_thai,0,0,0,0,0,0,0,0,0,0,0,1,0,0,0,1,0,0,5,0,0,0,0,0,0,0,0,0,0,0,0,0,0,0,0,0,0,0,0,0,1,0,0,0,9,0,0,0,0,0,0,1,0,0,0,0,0,0,0,0,0,0,0,0,0,0,0,0,0,0,120,1,0,0,0,1,0,1,0,0,0,3,0,0,0,0,0,0,0,0,1,0,0,0,0,0,1,1,0,0,0
paella,0,0,0,0,1,0,0,0,0,0,0,0,0,0,0,3,0,0,2,0,0,0,0,0,0,0,0,0,0,0,0,0,0,0,0,0,0,0,0,0,0,0,0,1,8,0,0,1,0,0,4,0,0,0,0,0,3,0,0,0,0,1,0,0,0,5,0,0,0,0,0,100,0,0,0,0,2,0,0,0,0,0,0,0,5,1,0,1,0,3,0,1,0,0,0,1,1,0,0,0,0
pancakes,2,0,0,0,0,0,0,0,2,0,0,0,1,0,0,0,2,0,0,0,0,1,0,0,0,0,1,0,0,0,0,0,0,0,0,0,0,0,0,0,0,0,15,0,0,0,0,0,0,0,0,0,0,0,0,0,0,1,0,2,0,0,0,1,0,0,0,1,0,0,0,0,131,1,0,0,1,0,0,0,0,0,0,0,0,1,0,0,0,0,0,0,0,1,0,0,0,0,0,0,1
panna_cotta,0,0,0,0,0,1,0,0,5,0,0,0,0,0,1,0,8,1,0,0,0,1,7,0,0,0,0,4,0,0,0,0,1,0,0,0,0,0,0,2,0,0,0,0,0,6,0,0,0,0,1,0,0,0,0,0,0,0,0,0,2,0,0,0,0,0,0,0,0,0,0,0,1,102,0,0,0,0,0,0,0,0,0,0,0,0,0,1,0,0,0,0,0,0,7,0,0,0,1,0,0
peking_duck,0,2,1,0,0,0,0,1,0,3,0,0,1,0,0,0,0,0,0,0,0,0,0,0,0,0,0,0,0,0,0,0,0,0,0,0,0,0,1,4,0,0,0,0,0,0,0,0,0,1,1,0,2,0,0,0,0,0,0,0,0,0,0,0,1,0,0,0,0,0,1,0,0,0,110,0,0,0,0,1,3,0,0,0,0,1,0,0,1,0,0,0,1,0,0,1,0,1,0,2,0
pho,0,0,0,0,0,0,0,0,0,0,0,0,0,0,0,0,0,0,0,0,0,0,0,0,0,0,0,0,0,0,0,0,0,0,0,0,0,0,0,0,0,0,0,0,0,0,0,0,0,0,0,0,0,0,2,0,0,0,0,0,0,0,1,0,1,0,0,0,0,0,2,0,0,0,0,128,0,0,0,0,0,3,0,0,0,0,0,0,0,0,0,0,0,0,0,0,0,0,0,0,0
pizza,0,0,0,0,0,0,0,0,0,1,0,0,0,0,0,0,0,0,0,0,0,0,0,0,0,0,1,0,0,0,0,0,0,0,0,0,0,0,0,0,0,0,0,0,0,0,0,0,0,0,0,0,0,1,0,1,0,0,0,1,0,0,0,0,0,0,3,0,0,0,0,0,0,0,0,0,147,0,0,0,0,0,0,0,0,0,0,1,0,0,0,0,0,0,0,0,5,0,0,0,0
pork_chop,0,5,0,0,0,0,0,0,0,0,0,0,0,0,1,0,0,0,2,0,1,0,0,0,0,0,4,0,1,0,0,0,0,0,0,2,0,16,1,5,0,0,1,2,0,0,0,0,0,0,6,0,0,0,0,0,0,0,0,2,0,0,0,0,0,0,0,0,0,0,0,0,0,0,2,0,0,82,0,3,1,0,0,0,0,0,0,0,0,0,0,0,0,12,0,0,0,0,0,0,0
poutine,0,0,0,0,0,0,0,0,2,1,0,0,0,0,0,0,0,0,0,0,0,0,0,0,0,0,0,0,0,0,0,0,0,0,0,0,0,1,1,0,8,0,0,2,0,0,0,0,0,0,0,0,0,0,0,0,1,0,0,1,0,0,0,0,0,0,0,0,0,0,0,0,0,0,0,0,0,2,136,0,0,0,0,0,0,0,0,0,0,0,0,0,0,0,0,0,0,0,0,0,0
prime_rib,0,1,0,0,0,0,0,0,0,0,0,0,0,0,0,0,0,0,0,0,0,0,0,0,0,0,0,0,0,0,0,0,0,0,0,0,0,16,0,1,0,0,0,0,0,0,0,0,0,0,0,0,0,0,0,1,0,0,0,0,0,0,0,0,0,0,0,1,0,0,0,1,0,0,1,0,0,6,0,123,0,0,0,0,0,0,0,0,0,1,0,0,0,2,0,0,0,0,0,1,0
pulled_pork_sandwich,1,4,0,0,1,0,0,0,0,2,0,0,0,0,0,0,0,0,0,0,0,0,0,0,0,1,0,0,0,0,0,0,0,0,0,0,0,0,0,0,1,0,1,1,0,0,0,0,0,7,0,0,0,9,0,2,0,0,0,0,0,4,0,0,0,0,0,1,0,0,1,0,0,0,1,0,0,1,2,0,100,0,0,0,0,0,0,0,0,0,0,0,0,0,0,0,1,0,0,0,0
ramen,0,0,0,0,0,0,0,3,0,0,0,0,0,0,0,1,0,0,4,0,0,0,0,0,0,0,0,0,0,0,0,0,0,0,0,0,0,0,0,0,0,3,0,0,0,0,0,0,0,0,1,0,0,0,5,0,0,0,0,0,0,0,0,0,1,0,0,0,0,0,3,0,0,0,0,7,0,0,0,0,0,105,1,0,1,0,0,0,1,0,0,0,0,0,0,1,0,0,0,0,0
ravioli,0,0,1,0,0,1,0,0,1,0,1,0,0,0,0,3,0,0,1,0,0,0,1,0,0,0,2,0,0,0,0,0,1,0,0,0,0,0,0,0,0,1,0,0,1,0,1,9,1,0,0,0,2,0,0,0,1,1,0,13,1,0,5,0,0,0,5,0,0,0,0,0,0,0,0,0,0,0,0,1,0,2,84,0,14,0,0,1,0,5,1,1,0,0,0,1,0,0,0,2,0
red_velvet_cake,0,0,0,0,0,0,0,0,0,0,0,0,0,0,8,0,9,0,0,0,0,8,3,0,0,0,0,0,0,5,0,0,0,0,0,0,0,0,0,0,0,0,0,0,0,0,0,0,0,0,0,0,0,0,0,0,0,0,0,0,0,0,0,0,0,0,0,0,0,0,0,0,0,1,0,0,0,0,0,0,0,0,0,137,0,0,0,0,0,0,0,0,0,0,3,0,0,0,0,0,0
risotto,0,0,0,2,1,0,0,1,0,0,0,0,0,0,0,3,0,0,3,0,0,0,0,0,1,0,1,0,0,0,0,0,0,0,0,0,0,0,0,0,0,0,0,1,4,0,0,3,0,0,1,0,0,0,1,0,1,0,0,2,0,0,3,0,0,0,0,1,0,0,1,1,0,0,0,0,0,1,0,0,0,0,13,0,103,0,0,1,0,5,0,2,0,0,0,0,0,0,0,1,0
samosa,0,0,3,0,0,0,0,0,0,4,0,0,2,0,0,0,0,0,3,0,2,0,0,0,0,0,0,0,0,0,0,0,4,0,0,0,2,1,0,2,0,0,0,2,0,0,1,0,0,1,0,0,0,0,0,0,0,2,0,1,0,1,0,0,0,0,0,0,1,0,1,0,1,0,2,0,0,0,0,0,0,0,0,0,0,98,0,0,0,0,0,0,15,0,0,0,1,3,0,0,0
sashimi,0,0,1,0,0,1,0,0,0,1,0,1,0,0,0,2,0,0,0,0,0,0,0,0,0,0,0,0,0,0,0,0,1,0,0,0,0,0,0,0,0,0,0,0,0,0,0,0,1,0,1,1,0,0,0,0,0,0,0,0,0,0,0,0,0,0,0,0,0,0,0,0,0,0,0,0,0,0,0,0,0,0,0,0,0,0,148,0,0,0,0,0,0,0,0,5,0,0,0,3,0
scallops,0,0,0,0,0,2,0,0,0,0,1,0,0,1,0,1,1,1,0,0,0,0,0,0,0,0,13,0,0,1,2,0,0,0,0,2,0,0,0,7,0,0,0,0,0,0,0,0,0,0,1,0,0,0,0,0,0,0,0,0,0,0,1,0,0,1,1,0,0,0,0,0,0,0,0,0,0,1,0,0,0,0,5,0,1,0,0,89,0,0,0,0,0,3,0,2,1,0,0,1,0
seaweed_salad,0,0,0,0,0,5,0,1,0,0,0,0,0,1,0,3,0,0,0,0,0,0,0,0,0,0,0,0,0,0,0,0,0,0,0,0,0,0,0,0,0,0,0,0,0,0,0,0,1,0,0,0,0,0,0,0,0,0,0,0,0,0,0,0,0,0,0,0,0,0,0,0,0,0,0,0,0,0,0,0,0,0,0,0,0,0,0,1,138,0,0,0,1,0,0,0,0,0,0,2,0
shrimp_and_grits,0,0,0,0,0,0,0,0,1,0,0,0,0,0,0,2,0,0,0,0,0,0,0,0,1,0,0,1,0,0,0,0,0,0,0,1,0,0,0,0,0,0,0,0,0,0,0,5,0,0,0,0,0,0,1,0,0,0,0,0,0,0,1,0,0,0,2,0,0,0,0,0,0,0,0,0,0,1,0,0,0,0,17,0,4,0,0,4,0,100,0,0,0,0,0,0,2,0,0,0,0
spaghetti_bolognese,0,0,0,0,0,0,0,0,0,0,0,0,0,0,0,0,0,0,1,0,0,0,0,0,0,0,0,0,0,0,0,0,0,0,0,0,0,0,0,0,0,0,0,0,0,0,0,1,0,0,0,0,0,0,0,0,0,0,0,2,0,0,0,0,0,0,0,0,0,0,1,0,0,0,0,0,0,0,0,0,0,0,0,0,1,0,0,0,0,0,127,15,0,0,0,0,0,0,0,0,0
spaghetti_carbonara,0,0,0,0,0,0,0,0,0,0,0,0,0,0,0,0,0,0,0,0,0,0,0,0,0,0,0,0,0,0,0,0,0,0,1,0,0,0,0,0,0,0,0,0,0,0,0,1,0,0,0,0,0,0,0,0,0,0,0,1,0,0,7,0,0,0,0,0,0,0,0,0,0,0,0,0,0,0,0,0,0,0,2,0,0,0,0,0,0,0,4,140,0,0,0,0,0,0,0,0,0
spring_rolls,0,1,3,0,0,0,0,0,0,2,0,0,0,0,0,0,0,0,3,0,1,0,0,1,0,0,2,0,0,1,0,0,1,0,0,0,1,0,0,0,1,0,0,0,0,0,0,0,0,0,0,1,1,0,0,1,0,1,0,0,0,0,0,0,0,0,0,0,0,0,0,0,0,0,3,0,0,0,0,0,0,1,0,0,0,6,0,0,0,0,0,0,114,0,0,0,1,0,0,0,0
steak,0,5,0,0,1,0,0,0,1,0,0,0,0,0,1,0,0,0,0,0,1,2,0,0,0,0,1,0,0,0,0,0,0,0,0,0,0,11,0,5,0,0,0,1,0,0,0,1,0,0,1,0,1,0,0,0,0,0,0,0,0,0,0,0,0,0,0,0,0,0,0,0,0,0,0,0,0,13,0,3,0,0,0,0,0,0,0,0,0,0,1,0,0,107,0,0,0,0,0,0,0
strawberry_shortcake,2,0,0,0,0,0,0,0,8,0,0,0,1,0,0,0,9,1,0,0,0,0,1,0,0,0,0,0,0,0,0,0,0,0,1,0,0,0,0,0,0,0,0,0,0,2,0,0,0,0,0,0,0,0,0,0,0,0,1,0,0,0,0,0,0,0,0,0,0,0,0,0,0,4,0,0,0,0,0,0,0,0,0,1,0,0,0,0,0,0,0,0,0,0,114,0,0,0,2,2,3
sushi,0,0,0,0,1,0,0,0,0,0,0,0,0,0,0,3,0,1,0,0,0,0,0,0,0,0,0,0,0,0,0,0,0,0,0,0,0,0,0,0,0,0,0,0,0,0,0,0,0,1,3,1,1,0,0,0,0,0,0,0,0,0,0,0,0,1,2,0,0,0,0,0,1,0,0,0,0,1,0,0,0,0,2,0,0,0,3,1,0,0,0,0,5,0,0,114,0,0,0,0,0
tacos,0,0,0,0,0,0,0,0,0,4,0,0,0,0,0,2,0,0,1,2,1,0,0,0,0,0,0,0,0,0,0,0,0,0,0,0,0,0,0,0,0,0,0,0,0,0,0,0,0,0,0,0,0,0,0,3,1,1,0,0,0,1,0,0,0,0,8,0,0,0,2,1,0,0,0,0,0,0,0,0,0,0,0,0,0,0,0,0,0,0,0,0,1,2,0,3,109,0,0,0,0
takoyaki,0,0,0,0,0,0,0,2,2,0,0,0,1,0,0,1,0,0,2,0,0,0,0,0,0,0,3,0,0,0,0,1,0,0,0,1,2,1,0,2,0,0,0,0,0,0,0,2,0,0,0,0,1,1,0,0,0,0,0,0,0,1,0,0,0,0,1,0,0,0,0,0,0,1,3,0,0,0,0,0,0,0,1,0,0,0,0,0,0,0,0,0,0,0,0,0,0,127,0,0,1
tiramisu,0,0,0,0,0,0,0,0,4,0,0,0,1,0,2,0,7,0,0,0,0,1,12,0,0,0,1,4,0,0,0,0,0,0,0,0,0,0,0,0,0,0,0,0,0,1,0,0,0,1,0,0,0,1,0,0,0,0,0,0,1,0,0,0,0,0,0,0,0,0,0,0,0,3,0,0,0,0,0,0,0,0,1,4,0,0,0,0,0,0,1,0,0,0,4,0,0,0,96,0,1
tuna_tartare,0,0,0,4,7,7,0,0,0,1,6,0,0,0,0,5,0,0,0,1,0,0,0,0,0,0,0,0,0,0,0,0,0,0,0,0,0,1,0,7,0,0,0,0,0,0,0,0,1,0,1,0,0,0,0,0,2,0,0,1,0,0,0,0,0,0,0,0,0,0,0,0,0,1,0,0,0,0,0,0,0,0,2,0,1,0,4,1,1,0,0,0,0,1,0,0,1,0,0,99,0
waffles,1,0,0,0,0,0,1,0,2,0,0,0,0,0,0,0,0,0,0,0,0,0,1,0,0,0,0,0,0,1,0,0,1,0,0,0,0,0,0,0,0,0,4,0,0,0,0,0,0,0,0,0,0,0,0,0,0,0,4,0,0,0,0,0,0,0,1,0,0,0,0,0,4,0,0,0,0,0,0,0,0,0,0,0,0,0,0,0,0,0,0,0,0,0,0,1,0,0,0,0,127
